{
  "FSR": 0.30089110136032104,
  "BIS": 0.20407509803771973,
  "avg_PE": 0.018091442063450813,
  "LPA_Profile_grand_mean": 0.03569990396499634,
  "personality inference_mentioned": 0.0,
  "personality inference_sentiment": 0.0,
  "sweets_mentioned": 0.0,
  "sweets_sentiment": 0.0,
  "Fruits and vegetables_mentioned": 0.0,
  "Fruits and vegetables_sentiment": 0.0,
  "healthy savory food_mentioned": 0.0,
  "healthy savory food_sentiment": 0.0,
  "food_mentioned": 0.0,
  "food_sentiment": 0.0,
  "cosmetics_mentioned": 0.0,
  "cosmetics_sentiment": 0.0,
  "fashion_mentioned": 0.0,
  "fashion_sentiment": 0.0,
  "toys, gadgets and games_mentioned": 0.0,
  "toys, gadgets and games_sentiment": 0.0,
  "sports_mentioned": 0.0,
  "sports_sentiment": 0.0,
  "music_mentioned": 0.0,
  "music_sentiment": 0.0,
  "arts and crafts_mentioned": 0.0,
  "arts and crafts_sentiment": 0.0,
  "word_count": 0.02396085485816002,
  "sentence_count": 0.009174630045890808,
  "char_count": 0.02801046334207058,
  "avg_word_length": 0.01803363300859928,
  "avg_sentence_length": 0.018251322209835052,
  "shortness_score": 0.007242175284773111,
  "lexical_diversity": 0.021228723227977753,
  "sentiment_polarity": 0.020400255918502808,
  "sentiment_subjectivity": 0.019071465358138084,
  "positive_word_count": 0.02602444961667061,
  "negative_word_count": 0.012113375589251518,
  "positive_word_ratio": 0.017873892560601234,
  "negative_word_ratio": 0.017495272681117058,
  "positive_attributes": 0.033719196915626526,
  "flesch_reading_ease": 0.023902660235762596,
  "flesch_kincaid_grade": 0.014968937262892723,
  "connector_ratio": 0.016946354880928993,
  "cohesiveness_score": 0.01888989470899105,
  "noun_ratio": 0.01443551667034626,
  "verb_ratio": 0.02274578996002674,
  "adj_ratio": 0.02120392397046089,
  "adv_ratio": 0.017839878797531128,
  "punctuation_ratio": 0.017709748819470406,
  "exclamation_count": 0.0,
  "question_count": 0.0
}