{
  "FSR": 0.21732522547245026,
  "BIS": 0.16316881775856018,
  "avg_PE": 0.013411820866167545,
  "LPA_Profile_grand_mean": 0.02339140512049198,
  "personality inference_mentioned": 0.012431971728801727,
  "personality inference_sentiment": 0.009143018163740635,
  "sweets_mentioned": 0.03204217180609703,
  "sweets_sentiment": 0.010007686913013458,
  "Fruits and vegetables_mentioned": 0.01453576423227787,
  "Fruits and vegetables_sentiment": 0.016534574329853058,
  "healthy savory food_mentioned": 0.012234468013048172,
  "healthy savory food_sentiment": 0.00425011245533824,
  "food_mentioned": 0.01571599580347538,
  "food_sentiment": 0.008622023276984692,
  "cosmetics_mentioned": 0.0,
  "cosmetics_sentiment": 0.0,
  "fashion_mentioned": 0.0,
  "fashion_sentiment": 0.0,
  "toys, gadgets and games_mentioned": 0.009911961853504181,
  "toys, gadgets and games_sentiment": 0.020724233239889145,
  "sports_mentioned": 0.007734718266874552,
  "sports_sentiment": 0.016545962542295456,
  "music_mentioned": 0.0,
  "music_sentiment": 0.0067575774155557156,
  "arts and crafts_mentioned": 0.011299937032163143,
  "arts and crafts_sentiment": 0.0103345001116395,
  "word_count": 0.02210916392505169,
  "sentence_count": 0.006777184084057808,
  "char_count": 0.024310866370797157,
  "avg_word_length": 0.014740006066858768,
  "avg_sentence_length": 0.013189222663640976,
  "shortness_score": 0.025772010907530785,
  "lexical_diversity": 0.013870276510715485,
  "sentiment_polarity": 0.015199007466435432,
  "sentiment_subjectivity": 0.012282649986445904,
  "positive_word_count": 0.016540218144655228,
  "negative_word_count": 0.015932831913232803,
  "positive_word_ratio": 0.010703987441956997,
  "negative_word_ratio": 0.013046884909272194,
  "positive_attributes": 0.031011860817670822,
  "flesch_reading_ease": 0.01686040125787258,
  "flesch_kincaid_grade": 0.011783171445131302,
  "connector_ratio": 0.017187342047691345,
  "cohesiveness_score": 0.014862636104226112,
  "noun_ratio": 0.011156830005347729,
  "verb_ratio": 0.016931835561990738,
  "adj_ratio": 0.014934712089598179,
  "adv_ratio": 0.01041303388774395,
  "punctuation_ratio": 0.014259884133934975,
  "exclamation_count": 0.0,
  "question_count": 0.0
}