{
  "avg_PE": 0.013761329464614391,
  "FSR_scaled": 0.28213804960250854,
  "avg_PE_scaled": 0.022337188944220543,
  "personality_inference_mentioned": 0.006893000099807978,
  "personality_inference_positive": 0.0,
  "personality_inference_negative": 0.021813923493027687,
  "personality_inference_neutral": 0.01768813468515873,
  "sweets_mentioned": 0.011184070259332657,
  "sweets_positive": 0.012672851793467999,
  "sweets_negative": 0.020277883857488632,
  "sweets_neutral": 0.01693589985370636,
  "Fruits_and_vegetables_mentioned": 0.0013819426530972123,
  "Fruits_and_vegetables_positive": 0.018393874168395996,
  "Fruits_and_vegetables_negative": 0.0,
  "Fruits_and_vegetables_neutral": 0.01685069501399994,
  "healthy_savory_food_mentioned": 0.012928408570587635,
  "healthy_savory_food_positive": 0.008886369876563549,
  "healthy_savory_food_negative": 0.0,
  "healthy_savory_food_neutral": 0.0,
  "food_mentioned": 0.024492338299751282,
  "food_positive": 0.014440896920859814,
  "food_negative": 0.02018408663570881,
  "food_neutral": 0.006595051847398281,
  "cosmetics_mentioned": 0.0,
  "cosmetics_positive": 0.0,
  "cosmetics_negative": 0.0,
  "cosmetics_neutral": 0.0,
  "fashion_mentioned": 0.0,
  "fashion_positive": 0.0,
  "fashion_negative": 0.0,
  "fashion_neutral": 0.0,
  "toys_gadgets_and_games_mentioned": 0.008837149478495121,
  "toys_gadgets_and_games_positive": 0.0,
  "toys_gadgets_and_games_negative": 0.0,
  "toys_gadgets_and_games_neutral": 0.0,
  "sports_mentioned": 0.011484428308904171,
  "sports_positive": 0.02210930362343788,
  "sports_negative": 0.011450358666479588,
  "sports_neutral": 0.0,
  "music_mentioned": 0.03856110945343971,
  "music_positive": 0.04045971855521202,
  "music_negative": 0.0,
  "music_neutral": 0.019843291491270065,
  "arts_and_crafts_mentioned": 0.017744414508342743,
  "arts_and_crafts_positive": 0.01856187917292118,
  "arts_and_crafts_negative": 0.0,
  "arts_and_crafts_neutral": 0.010068184696137905,
  "word_count": 0.028403235599398613,
  "sentence_count": 0.011959478259086609,
  "char_count": 0.026512153446674347,
  "avg_word_length": 0.012937742285430431,
  "avg_sentence_length": 0.01709717884659767,
  "shortness_score": 0.01655496656894684,
  "lexical_diversity": 0.011155148036777973,
  "sentiment_polarity": 0.015003900043666363,
  "sentiment_subjectivity": 0.016269421204924583,
  "positive_word_count": 0.021385515108704567,
  "negative_word_count": 0.01404064055532217,
  "positive_word_ratio": 0.013260208070278168,
  "negative_word_ratio": 0.0160815492272377,
  "flesch_reading_ease": 0.01583384908735752,
  "flesch_kincaid_grade": 0.014529087580740452
}