{
  "method": "kmeans",
  "data_version": "Data_Clustering_v1",
  "k_range": [
    2,
    3,
    4,
    5,
    6
  ],
  "silhouette_scores": [
    0.5974308510772169,
    0.5020013372200735,
    0.4083857373715741,
    0.425403823070861,
    0.4355623059115959
  ],
  "db_index_scores": [
    0.6757973671069901,
    0.6683106183336621,
    0.8379536789389157,
    0.7509949991320959,
    0.704370932154314
  ],
  "ari_scores": [
    0.054965544258382265,
    0.05936175482653436,
    0.027692498045055452,
    0.029811224349924094,
    0.02993785582257411
  ],
  "nmi_scores": [
    0.023936127359154548,
    0.023629160277495707,
    0.017090198581865522,
    0.022104372025039808,
    0.024302521336474637
  ],
  "best_k": 2,
  "pca_params": {
    "n_components": 2,
    "random_state": 42,
    "explained_variance_ratio": [
      0.8352465620505876,
      0.1419633737573523
    ]
  },
  "kmeans_params": {
    "n_clusters": 2,
    "random_state": 42
  },
  "cluster_counts": {
    "0": 815,
    "1": 164
  }
}