{
  "FSR": 0.312964528799057,
  "TDNorm_avg_PE": 0.034587323665618896,
  "overall_avg_PE": 0.040764544159173965,
  "TDnorm_concept_learning": 0.03192261606454849,
  "overall_concept_learning": 0.03719254210591316,
  "word_count": 0.04500453546643257,
  "sentence_count": 0.01655763015151024,
  "char_count": 0.04085727035999298,
  "avg_word_length": 0.03143869712948799,
  "avg_sentence_length": 0.04052335023880005,
  "shortness_score": 0.04858924821019173,
  "lexical_diversity": 0.03435409814119339,
  "sentiment_polarity": 0.040588464587926865,
  "sentiment_subjectivity": 0.03243710845708847,
  "positive_word_count": 0.038064680993556976,
  "negative_word_count": 0.05061563849449158,
  "positive_word_ratio": 0.03421366587281227,
  "negative_word_ratio": 0.026434849947690964,
  "flesch_reading_ease": 0.032226502895355225,
  "flesch_kincaid_grade": 0.030662640929222107
}