{
  "method": "kmeans",
  "data_version": "Data_Clustering_v1",
  "k_range": [
    2,
    3,
    4,
    5,
    6
  ],
  "silhouette_scores": [
    0.43413951601608625,
    0.3313838506421858,
    0.29921180517018153,
    0.310929818099244,
    0.343168267635963
  ],
  "db_index_scores": [
    0.9827361011307134,
    1.0001270221427923,
    0.9838393717070504,
    0.9254722542853944,
    0.8706903233806931
  ],
  "ari_scores": [
    0.0,
    0.0,
    0.0,
    0.0,
    0.0
  ],
  "nmi_scores": [
    0.0,
    0.0,
    0.0,
    0.0,
    0.0
  ],
  "best_k": 2,
  "pca_params": {
    "n_components": 2,
    "random_state": 42,
    "explained_variance_ratio": [
      0.4668316714899072,
      0.33134867674669916
    ]
  },
  "kmeans_params": {
    "n_clusters": 2,
    "random_state": 42
  },
  "cluster_counts": {
    "0": 451,
    "1": 160
  }
}