{
  "method": "kmeans",
  "data_version": "Data_Clustering_v1",
  "k_range": [
    2,
    3,
    4,
    5,
    6
  ],
  "silhouette_scores": [
    0.418322627662602,
    0.3573727754093788,
    0.3298346695935454,
    0.3292791030732292,
    0.32110880299041417
  ],
  "db_index_scores": [
    1.0613055864830503,
    0.9720648964916982,
    0.9230310598072241,
    0.8841300653914305,
    0.9307093969524508
  ],
  "ari_scores": [
    -0.010504253597713849,
    -0.002347737579295985,
    0.021278087793058308,
    0.018752138079172847,
    0.01852293840652069
  ],
  "nmi_scores": [
    0.0466205339481349,
    0.042055394187601555,
    0.04846134980341748,
    0.04365230989152525,
    0.04995789907190709
  ],
  "best_k": 2,
  "pca_params": {
    "n_components": 2,
    "random_state": 42,
    "explained_variance_ratio": [
      0.4047530206026522,
      0.32344108120106035
    ]
  },
  "kmeans_params": {
    "n_clusters": 2,
    "random_state": 42
  },
  "cluster_counts": {
    "0": 730,
    "1": 249
  }
}