{
  "avg_PE": 0.022954922169446945,
  "FSR_scaled": 0.34410950541496277,
  "avg_PE_scaled": 0.017815399914979935,
  "personality_inference_mentioned": 0.0,
  "personality_inference_positive": 0.0,
  "personality_inference_negative": 0.0,
  "personality_inference_neutral": 0.014015492051839828,
  "sweets_mentioned": 0.024323290213942528,
  "sweets_positive": 0.0,
  "sweets_negative": 0.0,
  "sweets_neutral": 0.010597791522741318,
  "Fruits_and_vegetables_mentioned": 0.0,
  "Fruits_and_vegetables_positive": 0.0,
  "Fruits_and_vegetables_negative": 0.0,
  "Fruits_and_vegetables_neutral": 0.0,
  "healthy_savory_food_mentioned": 0.01988288201391697,
  "healthy_savory_food_positive": 0.0,
  "healthy_savory_food_negative": 0.0,
  "healthy_savory_food_neutral": 0.0,
  "food_mentioned": 0.028164682909846306,
  "food_positive": 0.0,
  "food_negative": 0.0,
  "food_neutral": 0.0,
  "cosmetics_mentioned": 0.0,
  "cosmetics_positive": 0.0,
  "cosmetics_negative": 0.0,
  "cosmetics_neutral": 0.0,
  "fashion_mentioned": 0.0,
  "fashion_positive": 0.0,
  "fashion_negative": 0.0,
  "fashion_neutral": 0.0,
  "toys_gadgets_and_games_mentioned": 0.0,
  "toys_gadgets_and_games_positive": 0.0,
  "toys_gadgets_and_games_negative": 0.0,
  "toys_gadgets_and_games_neutral": 0.0,
  "sports_mentioned": 0.024621890857815742,
  "sports_positive": 0.0,
  "sports_negative": 0.002809538273140788,
  "sports_neutral": 0.004953137133270502,
  "music_mentioned": 0.0,
  "music_positive": 0.06860194355249405,
  "music_negative": 0.0,
  "music_neutral": 0.0,
  "arts_and_crafts_mentioned": 0.0,
  "arts_and_crafts_positive": 0.0,
  "arts_and_crafts_negative": 0.0,
  "arts_and_crafts_neutral": 0.0,
  "word_count": 0.02856309711933136,
  "sentence_count": 0.01745433732867241,
  "char_count": 0.04677767679095268,
  "avg_word_length": 0.02095368690788746,
  "avg_sentence_length": 0.02325846627354622,
  "shortness_score": 0.07395409047603607,
  "lexical_diversity": 0.02286585234105587,
  "sentiment_polarity": 0.02445048652589321,
  "sentiment_subjectivity": 0.023252004757523537,
  "positive_word_count": 0.029514575377106667,
  "negative_word_count": 0.020310062915086746,
  "positive_word_ratio": 0.022111687809228897,
  "negative_word_ratio": 0.027396878227591515,
  "flesch_reading_ease": 0.01725885458290577,
  "flesch_kincaid_grade": 0.019027886912226677
}