{
  "method": "kmeans",
  "data_version": "Data_Clustering_v1",
  "k_range": [
    2,
    3,
    4,
    5,
    6
  ],
  "silhouette_scores": [
    0.43112358981658033,
    0.4096452135460727,
    0.3352036262162409,
    0.3509382684602726,
    0.33046550317953716
  ],
  "db_index_scores": [
    0.9179460999821957,
    0.9100031094306796,
    0.9657526336395956,
    0.9168321891667542,
    0.9646640377278909
  ],
  "ari_scores": [
    0.45518884292438905,
    0.3388850359178713,
    0.31449977788998656,
    0.23370357194659686,
    0.20224871389594845
  ],
  "nmi_scores": [
    0.4767317336358289,
    0.39838883647921,
    0.38270637704532223,
    0.339328003221866,
    0.3080751887817212
  ],
  "best_k": 2,
  "pca_params": {
    "n_components": 2,
    "random_state": 42,
    "explained_variance_ratio": [
      0.4396414237332318,
      0.24267595380465853
    ]
  },
  "kmeans_params": {
    "n_clusters": 2,
    "random_state": 42
  },
  "cluster_counts": {
    "0": 456,
    "1": 523
  }
}