{
  "k_range": [
    2,
    3,
    4,
    5,
    6
  ],
  "silhouette_scores": [
    0.43136341377673976,
    0.41560557165209355,
    0.34491460016303266,
    0.35010354266000243,
    0.34438273572896294
  ],
  "db_index_scores": [
    0.9161915814023972,
    0.9227613096075841,
    0.9691035499595059,
    0.9289075350434446,
    0.9648351528371851
  ],
  "ari_scores": [
    0.4524226482700426,
    0.3311580126272848,
    0.303240112496506,
    0.2277200197088277,
    0.2104033690136211
  ],
  "nmi_scores": [
    0.4755298022746862,
    0.39078613596880013,
    0.36786632600181657,
    0.329327016820553,
    0.3247866871577407
  ],
  "best_k": 2
}