{
  "k_range": [
    2,
    3,
    4,
    5,
    6
  ],
  "silhouette_scores": [
    0.4459637036688041,
    0.4512680087146642,
    0.40373997202864936,
    0.37027578688602375,
    0.36847910011948126
  ],
  "db_index_scores": [
    0.8947476231019421,
    0.8414747890438304,
    0.8841839035626908,
    0.89929484290724,
    0.8626822567374468
  ],
  "ari_scores": [
    0.49520736959460404,
    0.3944064389285172,
    0.305008748350465,
    0.2511789322378788,
    0.21716040041087906
  ],
  "nmi_scores": [
    0.4976639611247256,
    0.43180004898577234,
    0.36445661852692995,
    0.36445073323834365,
    0.3451010416872284
  ],
  "best_k": 3
}