{
  "model_performance": {
    "total_features": 19,
    "sample_size": 320
  },
  "characteristic_analysis": {},
  "top_features": [
    [
      "char_count",
      0.10665071755647659
    ],
    [
      "word_count",
      0.08447477221488953
    ],
    [
      "sentiment_polarity",
      0.07008646428585052
    ],
    [
      "sentence_count",
      0.06454957276582718
    ],
    [
      "TDNorm_avg_PE",
      0.060146264731884
    ],
    [
      "flesch_kincaid_grade",
      0.05926015228033066
    ],
    [
      "avg_sentence_length",
      0.05788131803274155
    ],
    [
      "overall_avg_PE",
      0.05385616794228554
    ],
    [
      "avg_word_length",
      0.05336808040738106
    ],
    [
      "positive_word_count",
      0.05191509425640106
    ],
    [
      "overall_concept_learning",
      0.051608990877866745
    ],
    [
      "lexical_diversity",
      0.05062863975763321
    ],
    [
      "sentiment_subjectivity",
      0.04547690227627754
    ],
    [
      "positive_word_ratio",
      0.043912168592214584
    ],
    [
      "TDnorm_concept_learning",
      0.04050537571310997
    ],
    [
      "negative_word_ratio",
      0.03994967043399811
    ],
    [
      "flesch_reading_ease",
      0.03700801730155945
    ],
    [
      "negative_word_count",
      0.01586098037660122
    ],
    [
      "shortness_score",
      0.012860607355833054
    ]
  ],
  "td_vs_asd_patterns": [
    {
      "char_count": 94.19298245614036,
      "word_count": 19.43859649122807,
      "sentiment_polarity": 0.1201359459254196,
      "sentence_count": 1.7017543859649122,
      "TDNorm_avg_PE": 5.199122807017544,
      "flesch_kincaid_grade": 4.285695930496114,
      "avg_sentence_length": 12.03157894736842,
      "overall_avg_PE": 6.01588693957115,
      "avg_word_length": 4.107178664912104,
      "positive_word_count": 1.8421052631578947,
      "overall_concept_learning": 0.014648590501697485,
      "lexical_diversity": 0.8508078279578268,
      "sentiment_subjectivity": 0.304937343358396,
      "positive_word_ratio": 0.1231675404504256,
      "TDnorm_concept_learning": 0.0613873157509469,
      "negative_word_ratio": 0.030241178863380448,
      "flesch_reading_ease": 82.91242387842449,
      "negative_word_count": 0.5614035087719298,
      "shortness_score": 0.08275914729977088
    },
    {
      "char_count": 52.6425855513308,
      "word_count": 11.079847908745247,
      "sentiment_polarity": 0.0583978869672786,
      "sentence_count": 1.3307984790874525,
      "TDNorm_avg_PE": 6.077693282636249,
      "flesch_kincaid_grade": 2.6975850658870413,
      "avg_sentence_length": 7.7828263624841565,
      "overall_avg_PE": 6.74328641629422,
      "avg_word_length": 4.126175226259939,
      "positive_word_count": 1.3650190114068441,
      "overall_concept_learning": -0.014101618044265709,
      "lexical_diversity": 0.9215612792934103,
      "sentiment_subjectivity": 0.21398591664989006,
      "positive_word_ratio": 0.15021764876985716,
      "TDnorm_concept_learning": 0.004987905859913971,
      "negative_word_ratio": 0.027529824002273558,
      "flesch_reading_ease": 88.08404000484197,
      "negative_word_count": 0.3269961977186312,
      "shortness_score": 0.14568403991071813
    }
  ],
  "text_patterns": {
    "class_0": {
      "total_texts": 57,
      "total_words": 940,
      "unique_words": 344,
      "top_words": {
        "he": 63,
        "and": 54,
        "likes": 50,
        "like": 35,
        "she": 21,
        "not": 20,
        "but": 16,
        "to": 16,
        "of": 15,
        "a": 15,
        "the": 15,
        "doesn't": 14,
        "really": 11,
        "is": 10,
        "does": 9,
        "things": 8,
        "loves": 8,
        "most": 7,
        "liked": 7,
        "they": 7
      },
      "avg_text_length": 94.19298245614036
    },
    "class_1": {
      "total_texts": 263,
      "total_words": 2572,
      "unique_words": 624,
      "top_words": {
        "he": 196,
        "likes": 178,
        "and": 160,
        "like": 138,
        "not": 58,
        "a": 55,
        "but": 37,
        "of": 35,
        "they": 34,
        "i": 34,
        "she": 33,
        "does": 32,
        "is": 32,
        "food": 32,
        "doesn't": 32,
        "to": 32,
        "some": 26,
        "the": 26,
        "music": 25,
        "or": 24
      },
      "avg_text_length": 52.6425855513308
    }
  }
}