{
  "method": "kmeans",
  "data_version": "Data_Clustering_v1",
  "k_range": [
    2,
    3,
    4,
    5,
    6
  ],
  "silhouette_scores": [
    0.6156181052730009,
    0.48335120557322536,
    0.4318745837044874,
    0.44570867512763956,
    0.40111251486563626
  ],
  "db_index_scores": [
    0.6837998269630503,
    0.7086872150080928,
    0.778935067235341,
    0.6896745667033723,
    0.7216046661663227
  ],
  "ari_scores": [
    0.0,
    0.0,
    0.0,
    0.0,
    0.0
  ],
  "nmi_scores": [
    0.0,
    0.0,
    0.0,
    0.0,
    0.0
  ],
  "best_k": 2,
  "pca_params": {
    "n_components": 2,
    "random_state": 42,
    "explained_variance_ratio": [
      0.8258536075917273,
      0.16676707735737242
    ]
  },
  "kmeans_params": {
    "n_clusters": 2,
    "random_state": 42
  },
  "cluster_counts": {
    "0": 533,
    "1": 78
  }
}