{
  "method": "kmeans",
  "data_version": "Data_Clustering_v1",
  "k_range": [
    2,
    3,
    4,
    5,
    6
  ],
  "silhouette_scores": [
    0.39863507995094827,
    0.3545143137018368,
    0.29423003740987924,
    0.3343848715772308,
    0.31680267584245186
  ],
  "db_index_scores": [
    1.0404691131219668,
    1.031893563322574,
    1.0640998737213934,
    0.9001936815447911,
    0.957030139984708
  ],
  "ari_scores": [
    0.0,
    0.0,
    0.0,
    0.0,
    0.0
  ],
  "nmi_scores": [
    0.0,
    0.0,
    0.0,
    0.0,
    0.0
  ],
  "best_k": 2,
  "pca_params": {
    "n_components": 2,
    "random_state": 42,
    "explained_variance_ratio": [
      0.3985824022635862,
      0.270840755870852
    ]
  },
  "kmeans_params": {
    "n_clusters": 2,
    "random_state": 42
  },
  "cluster_counts": {
    "0": 421,
    "1": 190
  }
}