{
  "k_range": [
    2,
    3,
    4,
    5,
    6
  ],
  "silhouette_scores": [
    0.3936904029591245,
    0.3360327195736771,
    0.33072062874250796,
    0.34051311387820227,
    0.30554678044841804
  ],
  "db_index_scores": [
    1.0722424779395037,
    1.0025147889130759,
    0.9824788085118654,
    0.9056079850179021,
    0.9587858783090626
  ],
  "ari_scores": [
    0.0,
    0.0,
    0.0,
    0.0,
    0.0
  ],
  "nmi_scores": [
    0.0,
    0.0,
    0.0,
    0.0,
    0.0
  ],
  "best_k": 2
}