{
  "k_range": [
    2,
    3,
    4,
    5,
    6
  ],
  "silhouette_scores": [
    0.42478282964498476,
    0.3706476895520527,
    0.36483676218127614,
    0.33205761849721843,
    0.34155339286555336
  ],
  "db_index_scores": [
    0.9676844277016834,
    0.9164640722444534,
    0.8995180989709237,
    0.929792881712784,
    0.8946174422328658
  ],
  "ari_scores": [
    0.0,
    0.0,
    0.0,
    0.0,
    0.0
  ],
  "nmi_scores": [
    0.0,
    0.0,
    0.0,
    0.0,
    0.0
  ],
  "best_k": 2
}