{
  "method": "gmm",
  "tested_k_range": [
    2,
    3,
    4,
    5,
    6,
    7,
    8
  ],
  "aic_scores": [
    4289.456819746949,
    4293.770085076389,
    4296.175070865564,
    4294.91703195428,
    4298.480005287211,
    4295.666866754684,
    4293.032930531537
  ],
  "bic_scores": [
    4338.635614288558,
    4369.773676640692,
    4399.003459452563,
    4424.570217563975,
    4454.957987919602,
    4478.969646409771,
    4503.16050720932
  ],
  "best_k": 2,
  "pca_explained_variance_ratio": [
    0.5832493627248434,
    0.3099413173185787
  ]
}