{
  "method": "gmm",
  "tested_k_range": [
    2,
    3,
    4,
    5,
    6,
    7,
    8
  ],
  "aic_scores": [
    7149.56945840222,
    7003.525451481648,
    6958.11372378666,
    6965.960307102172,
    6966.1940854120585,
    6961.438367278501,
    6968.019567371997
  ],
  "bic_scores": [
    7203.9225490079725,
    7087.5256824178105,
    7071.761095053233,
    7109.254818699155,
    7139.135737339451,
    7164.027159536304,
    7200.255499960211
  ],
  "best_k": 4,
  "pca_explained_variance_ratio": [
    0.6068380874953141,
    0.31402928495096166
  ]
}