{
  "avg_PE": 0.02028992772102356,
  "FSR_scaled": 0.3102892339229584,
  "avg_PE_scaled": 0.019238710403442383,
  "personality inference_mentioned": 0.014196611940860748,
  "personality inference_sentiment": 0.022952966392040253,
  "sweets_mentioned": 0.022578170523047447,
  "sweets_sentiment": 0.015617036260664463,
  "Fruits and vegetables_mentioned": 0.023107413202524185,
  "Fruits and vegetables_sentiment": 0.019491519778966904,
  "healthy savory food_mentioned": 0.0,
  "healthy savory food_sentiment": 0.0,
  "food_mentioned": 0.016931941732764244,
  "food_sentiment": 0.015155269764363766,
  "cosmetics_mentioned": 0.0,
  "cosmetics_sentiment": 0.0,
  "fashion_mentioned": 0.0,
  "fashion_sentiment": 0.0,
  "toys, gadgets and games_mentioned": 0.018265442922711372,
  "toys, gadgets and games_sentiment": 0.0,
  "sports_mentioned": 0.013205780647695065,
  "sports_sentiment": 0.02342163771390915,
  "music_mentioned": 0.0,
  "music_sentiment": 0.0,
  "arts and crafts_mentioned": 0.01656641997396946,
  "arts and crafts_sentiment": 0.0,
  "word_count": 0.043504636734724045,
  "sentence_count": 0.003584987483918667,
  "char_count": 0.02719532512128353,
  "avg_word_length": 0.01906958594918251,
  "avg_sentence_length": 0.025770153850317,
  "shortness_score": 0.021448766812682152,
  "lexical_diversity": 0.011655811220407486,
  "sentiment_polarity": 0.01886005327105522,
  "sentiment_subjectivity": 0.018868463113904,
  "positive_word_count": 0.022377396002411842,
  "negative_word_count": 0.009083217941224575,
  "positive_word_ratio": 0.017960472032427788,
  "negative_word_ratio": 0.02137652039527893,
  "positive_attributes": 0.0,
  "flesch_reading_ease": 0.015642328187823296,
  "flesch_kincaid_grade": 0.01988186314702034,
  "connector_ratio": 0.02298111468553543,
  "cohesiveness_score": 0.017641419544816017,
  "noun_ratio": 0.015342537313699722,
  "verb_ratio": 0.016419725492596626,
  "adj_ratio": 0.024400286376476288,
  "adv_ratio": 0.01723587140440941,
  "punctuation_ratio": 0.018391316756606102,
  "exclamation_count": 0.0,
  "question_count": 0.0
}