{
  "avg_PE": 0.01387979369610548,
  "FSR_scaled": 0.31190037727355957,
  "avg_PE_scaled": 0.023799773305654526,
  "personality_inference_mentioned": 0.013358386233448982,
  "personality_inference_positive": 0.009712647646665573,
  "personality_inference_negative": 0.02337917685508728,
  "personality_inference_neutral": 0.016598844900727272,
  "sweets_mentioned": 0.011861110106110573,
  "sweets_positive": 0.011063880287110806,
  "sweets_negative": 0.008217192254960537,
  "sweets_neutral": 0.01571430265903473,
  "Fruits_and_vegetables_mentioned": 0.010043724440038204,
  "Fruits_and_vegetables_positive": 0.01390151772648096,
  "Fruits_and_vegetables_negative": 0.0,
  "Fruits_and_vegetables_neutral": 0.01159844920039177,
  "healthy_savory_food_mentioned": 0.0,
  "healthy_savory_food_positive": 0.0,
  "healthy_savory_food_negative": 0.0,
  "healthy_savory_food_neutral": 0.0,
  "food_mentioned": 0.012073331512510777,
  "food_positive": 0.018130658194422722,
  "food_negative": 0.0,
  "food_neutral": 0.011480692774057388,
  "cosmetics_mentioned": 0.0,
  "cosmetics_positive": 0.0,
  "cosmetics_negative": 0.0,
  "cosmetics_neutral": 0.0,
  "fashion_mentioned": 0.0,
  "fashion_positive": 0.0,
  "fashion_negative": 0.0,
  "fashion_neutral": 0.0,
  "toys_gadgets_and_games_mentioned": 0.0,
  "toys_gadgets_and_games_positive": 0.0,
  "toys_gadgets_and_games_negative": 0.0,
  "toys_gadgets_and_games_neutral": 0.0,
  "sports_mentioned": 0.013329174369573593,
  "sports_positive": 0.023457789793610573,
  "sports_negative": 0.012760031968355179,
  "sports_neutral": 0.01697394624352455,
  "music_mentioned": 0.01738879829645157,
  "music_positive": 0.042494289577007294,
  "music_negative": 0.0,
  "music_neutral": 0.02105332724750042,
  "arts_and_crafts_mentioned": 0.017607800662517548,
  "arts_and_crafts_positive": 0.01178322546184063,
  "arts_and_crafts_negative": 0.0,
  "arts_and_crafts_neutral": 0.020767539739608765,
  "word_count": 0.02762666717171669,
  "sentence_count": 0.013815714046359062,
  "char_count": 0.025370411574840546,
  "avg_word_length": 0.014105083420872688,
  "avg_sentence_length": 0.016685200855135918,
  "shortness_score": 0.01990342326462269,
  "lexical_diversity": 0.014302401803433895,
  "sentiment_polarity": 0.016336513683199883,
  "sentiment_subjectivity": 0.017641553655266762,
  "positive_word_count": 0.02352437935769558,
  "negative_word_count": 0.011246144771575928,
  "positive_word_ratio": 0.01419269759207964,
  "negative_word_ratio": 0.017070697620511055,
  "flesch_reading_ease": 0.018305158242583275,
  "flesch_kincaid_grade": 0.015544090420007706
}